SeparationFactor,xF,xB,xD,q,StageEfficiency,StageHeight,TrayEffieciency,F,Nmin,Rmin,Ropt,NTheoretical,NActual,FeedTray,ColumnHeight,ReboilerEnergyConsumption,SteamConsumption,B,D,L',V',V'',L''
1.09,0.03,0.02,0.28,0.0,0.7,0.1,1,93,34.2,94.71,113.66,66,93.29,55,9.33,9920.1,4.72,89.42,3.58,4.29,7.87,317.12,406.54
1.09,0.03,0.02,0.28,0.0053763440860215,0.7,0.1,1,93,34.2,94.71,113.66,66,93.29,55,9.33,9935.75,4.73,89.42,3.58,4.29,7.87,317.62,407.04
1.09,0.03,0.02,0.28,0.010752688172043,0.7,0.1,1,93,34.2,94.71,113.66,66,93.29,55,9.33,9951.39,4.74,89.42,3.58,4.29,7.87,318.12,407.54
1.09,0.03,0.02,0.28,0.0161290322580645,0.7,0.1,1,93,34.2,94.71,113.66,66,93.29,55,9.33,9967.03,4.75,89.42,3.58,4.29,7.87,318.62,408.04
1.09,0.03,0.02,0.28,0.021505376344086,0.7,0.1,1,93,34.2,94.71,113.66,66,93.29,55,9.33,9982.67,4.75,89.42,3.58,4.29,7.87,319.12,408.54
1.09,0.03,0.02,0.28,0.0268817204301075,0.7,0.1,1,93,34.2,94.71,113.66,66,93.29,55,9.33,9998.31,4.76,89.42,3.58,4.29,7.87,319.62,409.04
1.09,0.03,0.02,0.28,0.032258064516129,0.7,0.1,1,93,34.2,94.71,113.66,66,93.29,55,9.33,10013.95,4.77,89.42,3.58,4.29,7.87,320.12,409.54
1.09,0.03,0.02,0.28,0.0376344086021505,0.7,0.1,1,93,34.2,94.71,113.66,66,93.29,55,9.33,10029.59,4.78,89.42,3.58,4.29,7.87,320.62,410.04
1.09,0.03,0.02,0.28,0.043010752688172,0.7,0.1,1,93,34.2,94.71,113.66,66,93.29,55,9.33,10045.23,4.78,89.42,3.58,4.29,7.87,321.12,410.54
1.09,0.03,0.02,0.28,0.0483870967741935,0.7,0.1,1,93,34.2,94.71,113.66,66,93.29,55,9.33,10060.87,4.79,89.42,3.58,4.29,7.87,321.62,411.04
1.09,0.03,0.02,0.28,0.053763440860215,0.7,0.1,1,93,34.2,94.71,113.66,66,93.29,54,9.33,10076.51,4.8,89.42,3.58,4.29,7.87,322.12,411.54
1.09,0.03,0.02,0.28,0.0591397849462365,0.7,0.1,1,93,34.2,94.71,113.66,66,93.29,54,9.33,10092.16,4.81,89.42,3.58,4.29,7.87,322.62,412.04
1.09,0.03,0.02,0.28,0.064516129032258,0.7,0.1,1,93,34.2,94.71,113.66,66,93.29,54,9.33,10107.8,4.81,89.42,3.58,4.29,7.87,323.12,412.54
1.09,0.03,0.02,0.28,0.0698924731182795,0.7,0.1,1,93,34.2,94.71,113.66,66,93.29,54,9.33,10123.44,4.82,89.42,3.58,4.29,7.87,323.62,413.04
1.09,0.03,0.02,0.28,0.075268817204301,0.7,0.1,1,93,34.2,94.71,113.66,66,93.29,54,9.33,10139.08,4.83,89.42,3.58,4.29,7.87,324.12,413.54
1.09,0.03,0.02,0.28,0.0806451612903225,0.7,0.1,1,93,34.2,94.71,113.66,65,91.86,54,9.19,10154.72,4.84,89.42,3.58,4.29,7.87,324.62,414.04
1.09,0.03,0.02,0.28,0.086021505376344,0.7,0.1,1,93,34.2,94.71,113.66,65,91.86,54,9.19,10170.36,4.84,89.42,3.58,4.29,7.87,325.12,414.54
1.09,0.03,0.02,0.28,0.0913978494623656,0.7,0.1,1,93,34.2,94.71,113.66,65,91.86,54,9.19,10186.0,4.85,89.42,3.58,4.29,7.87,325.62,415.04
1.09,0.03,0.02,0.28,0.0967741935483871,0.7,0.1,1,93,34.2,94.71,113.66,65,91.86,54,9.19,10201.64,4.86,89.42,3.58,4.29,7.87,326.12,415.54
1.09,0.03,0.02,0.28,0.1021505376344086,0.7,0.1,1,93,34.2,94.71,113.66,65,91.86,54,9.19,10217.28,4.87,89.42,3.58,4.29,7.87,326.62,416.04
1.09,0.03,0.02,0.28,0.1075268817204301,0.7,0.1,1,93,34.2,94.71,113.66,65,91.86,54,9.19,10232.92,4.87,89.42,3.58,4.29,7.87,327.12,416.54
1.09,0.03,0.02,0.28,0.1129032258064516,0.7,0.1,1,93,34.2,94.71,113.66,65,91.86,54,9.19,10248.57,4.88,89.42,3.58,4.29,7.87,327.62,417.04
1.09,0.03,0.02,0.28,0.1182795698924731,0.7,0.1,1,93,34.2,94.71,113.66,65,91.86,54,9.19,10264.21,4.89,89.42,3.58,4.29,7.87,328.12,417.54
1.09,0.03,0.02,0.28,0.1236559139784946,0.7,0.1,1,93,34.2,94.71,113.66,65,91.86,54,9.19,10279.85,4.9,89.42,3.58,4.29,7.87,328.62,418.04
1.09,0.03,0.02,0.28,0.1290322580645161,0.7,0.1,1,93,34.2,94.71,113.66,65,91.86,54,9.19,10295.49,4.9,89.42,3.58,4.29,7.87,329.12,418.54
1.09,0.03,0.02,0.28,0.1344086021505376,0.7,0.1,1,93,34.2,94.71,113.66,65,91.86,54,9.19,10311.13,4.91,89.42,3.58,4.29,7.87,329.62,419.04
1.09,0.03,0.02,0.28,0.1397849462365591,0.7,0.1,1,93,34.2,94.71,113.66,65,91.86,54,9.19,10326.77,4.92,89.42,3.58,4.29,7.87,330.12,419.54
1.09,0.03,0.02,0.28,0.1451612903225806,0.7,0.1,1,93,34.2,94.71,113.66,65,91.86,54,9.19,10342.41,4.92,89.42,3.58,4.29,7.87,330.62,420.04
1.09,0.03,0.02,0.28,0.1505376344086021,0.7,0.1,1,93,34.2,94.71,113.66,65,91.86,54,9.19,10358.05,4.93,89.42,3.58,4.29,7.87,331.12,420.54
1.09,0.03,0.02,0.28,0.1559139784946236,0.7,0.1,1,93,34.2,94.71,113.66,65,91.86,54,9.19,10373.69,4.94,89.42,3.58,4.29,7.87,331.62,421.04
1.09,0.03,0.02,0.28,0.1612903225806451,0.7,0.1,1,93,34.2,94.71,113.66,65,91.86,54,9.19,10389.33,4.95,89.42,3.58,4.29,7.87,332.12,421.54
1.09,0.03,0.02,0.28,0.1666666666666666,0.7,0.1,1,93,34.2,94.71,113.66,65,91.86,53,9.19,10404.98,4.95,89.42,3.58,4.29,7.87,332.62,422.04
1.09,0.03,0.02,0.28,0.1720430107526881,0.7,0.1,1,93,34.2,94.71,113.66,65,91.86,53,9.19,10420.62,4.96,89.42,3.58,4.29,7.87,333.12,422.54
1.09,0.03,0.02,0.28,0.1774193548387097,0.7,0.1,1,93,34.2,94.71,113.66,65,91.86,53,9.19,10436.26,4.97,89.42,3.58,4.29,7.87,333.62,423.04
1.09,0.03,0.02,0.28,0.1827956989247312,0.7,0.1,1,93,34.2,94.71,113.66,64,90.43,53,9.04,10451.9,4.98,89.42,3.58,4.29,7.87,334.12,423.54
1.09,0.03,0.02,0.28,0.1881720430107527,0.7,0.1,1,93,34.2,94.71,113.66,64,90.43,53,9.04,10467.54,4.98,89.42,3.58,4.29,7.87,334.62,424.04
1.09,0.03,0.02,0.28,0.1935483870967742,0.7,0.1,1,93,34.2,94.71,113.66,64,90.43,53,9.04,10483.18,4.99,89.42,3.58,4.29,7.87,335.12,424.54
1.09,0.03,0.02,0.28,0.1989247311827957,0.7,0.1,1,93,34.2,94.71,113.66,64,90.43,53,9.04,10498.82,5.0,89.42,3.58,4.29,7.87,335.62,425.04
1.09,0.03,0.02,0.28,0.2043010752688172,0.7,0.1,1,93,34.2,94.71,113.66,64,90.43,53,9.04,10514.46,5.01,89.42,3.58,4.29,7.87,336.12,425.54
1.09,0.03,0.02,0.28,0.2096774193548387,0.7,0.1,1,93,34.2,94.71,113.66,64,90.43,53,9.04,10530.1,5.01,89.42,3.58,4.29,7.87,336.62,426.04
1.09,0.03,0.02,0.28,0.2150537634408602,0.7,0.1,1,93,34.2,94.71,113.66,64,90.43,53,9.04,10545.74,5.02,89.42,3.58,4.29,7.87,337.12,426.54
1.09,0.03,0.02,0.28,0.2204301075268817,0.7,0.1,1,93,34.2,94.71,113.66,64,90.43,53,9.04,10561.39,5.03,89.42,3.58,4.29,7.87,337.62,427.04
1.09,0.03,0.02,0.28,0.2258064516129032,0.7,0.1,1,93,34.2,94.71,113.66,64,90.43,53,9.04,10577.03,5.04,89.42,3.58,4.29,7.87,338.12,427.54
1.09,0.03,0.02,0.28,0.2311827956989247,0.7,0.1,1,93,34.2,94.71,113.66,64,90.43,53,9.04,10592.67,5.04,89.42,3.58,4.29,7.87,338.62,428.04
1.09,0.03,0.02,0.28,0.2365591397849462,0.7,0.1,1,93,34.2,94.71,113.66,64,90.43,53,9.04,10608.31,5.05,89.42,3.58,4.29,7.87,339.12,428.54
1.09,0.03,0.02,0.28,0.2419354838709677,0.7,0.1,1,93,34.2,94.71,113.66,64,90.43,53,9.04,10623.95,5.06,89.42,3.58,4.29,7.87,339.62,429.04
1.09,0.03,0.02,0.28,0.2473118279569892,0.7,0.1,1,93,34.2,94.71,113.66,64,90.43,53,9.04,10639.59,5.07,89.42,3.58,4.29,7.87,340.12,429.54
1.09,0.03,0.02,0.28,0.2526881720430107,0.7,0.1,1,93,34.2,94.71,113.66,64,90.43,53,9.04,10655.23,5.07,89.42,3.58,4.29,7.87,340.62,430.04
1.09,0.03,0.02,0.28,0.2580645161290322,0.7,0.1,1,93,34.2,94.71,113.66,64,90.43,53,9.04,10670.87,5.08,89.42,3.58,4.29,7.87,341.12,430.54
1.09,0.03,0.02,0.28,0.2634408602150537,0.7,0.1,1,93,34.2,94.71,113.66,64,90.43,53,9.04,10686.51,5.09,89.42,3.58,4.29,7.87,341.62,431.04
1.09,0.03,0.02,0.28,0.2688172043010752,0.7,0.1,1,93,34.2,94.71,113.66,64,90.43,53,9.04,10702.15,5.1,89.42,3.58,4.29,7.87,342.12,431.54
1.09,0.03,0.02,0.28,0.2741935483870967,0.7,0.1,1,93,34.2,94.71,113.66,64,90.43,53,9.04,10717.8,5.1,89.42,3.58,4.29,7.87,342.62,432.04
1.09,0.03,0.02,0.28,0.2795698924731182,0.7,0.1,1,93,34.2,94.71,113.66,64,90.43,53,9.04,10733.44,5.11,89.42,3.58,4.29,7.87,343.12,432.54
1.09,0.03,0.02,0.28,0.2849462365591398,0.7,0.1,1,93,34.2,94.71,113.66,64,90.43,52,9.04,10749.08,5.12,89.42,3.58,4.29,7.87,343.62,433.04
1.09,0.03,0.02,0.28,0.2903225806451613,0.7,0.1,1,93,34.2,94.71,113.66,64,90.43,52,9.04,10764.72,5.13,89.42,3.58,4.29,7.87,344.12,433.54
1.09,0.03,0.02,0.28,0.2956989247311828,0.7,0.1,1,93,34.2,94.71,113.66,64,90.43,52,9.04,10780.36,5.13,89.42,3.58,4.29,7.87,344.62,434.04
1.09,0.03,0.02,0.28,0.3010752688172043,0.7,0.1,1,93,34.2,94.71,113.66,63,89.0,52,8.9,10796.0,5.14,89.42,3.58,4.29,7.87,345.12,434.54
1.09,0.03,0.02,0.28,0.3064516129032258,0.7,0.1,1,93,34.2,94.71,113.66,63,89.0,52,8.9,10811.64,5.15,89.42,3.58,4.29,7.87,345.62,435.04
1.09,0.03,0.02,0.28,0.3118279569892473,0.7,0.1,1,93,34.2,94.71,113.66,63,89.0,52,8.9,10827.28,5.16,89.42,3.58,4.29,7.87,346.12,435.54
1.09,0.03,0.02,0.28,0.3172043010752688,0.7,0.1,1,93,34.2,94.71,113.66,63,89.0,52,8.9,10842.92,5.16,89.42,3.58,4.29,7.87,346.62,436.04
1.09,0.03,0.02,0.28,0.3225806451612903,0.7,0.1,1,93,34.2,94.71,113.66,63,89.0,52,8.9,10858.56,5.17,89.42,3.58,4.29,7.87,347.12,436.54
1.09,0.03,0.02,0.28,0.3279569892473118,0.7,0.1,1,93,34.2,94.71,113.66,63,89.0,52,8.9,10874.21,5.18,89.42,3.58,4.29,7.87,347.62,437.04
1.09,0.03,0.02,0.28,0.3333333333333333,0.7,0.1,1,93,34.2,94.71,113.66,63,89.0,52,8.9,10889.85,5.19,89.42,3.58,4.29,7.87,348.12,437.54
1.09,0.03,0.02,0.28,0.3387096774193548,0.7,0.1,1,93,34.2,94.71,113.66,63,89.0,52,8.9,10905.49,5.19,89.42,3.58,4.29,7.87,348.62,438.04
1.09,0.03,0.02,0.28,0.3440860215053763,0.7,0.1,1,93,34.2,94.71,113.66,63,89.0,52,8.9,10921.13,5.2,89.42,3.58,4.29,7.87,349.12,438.54
1.09,0.03,0.02,0.28,0.3494623655913978,0.7,0.1,1,93,34.2,94.71,113.66,63,89.0,52,8.9,10936.77,5.21,89.42,3.58,4.29,7.87,349.62,439.04
1.09,0.03,0.02,0.28,0.3548387096774194,0.7,0.1,1,93,34.2,94.71,113.66,63,89.0,52,8.9,10952.41,5.22,89.42,3.58,4.29,7.87,350.12,439.54
1.09,0.03,0.02,0.28,0.3602150537634409,0.7,0.1,1,93,34.2,94.71,113.66,63,89.0,52,8.9,10968.05,5.22,89.42,3.58,4.29,7.87,350.62,440.04
1.09,0.03,0.02,0.28,0.3655913978494624,0.7,0.1,1,93,34.2,94.71,113.66,63,89.0,52,8.9,10983.69,5.23,89.42,3.58,4.29,7.87,351.12,440.54
1.09,0.03,0.02,0.28,0.3709677419354839,0.7,0.1,1,93,34.2,94.71,113.66,63,89.0,52,8.9,10999.33,5.24,89.42,3.58,4.29,7.87,351.62,441.04
1.09,0.03,0.02,0.28,0.3763440860215054,0.7,0.1,1,93,34.2,94.71,113.66,63,89.0,52,8.9,11014.97,5.25,89.42,3.58,4.29,7.87,352.12,441.54
1.09,0.03,0.02,0.28,0.3817204301075269,0.7,0.1,1,93,34.2,94.71,113.66,63,89.0,52,8.9,11030.62,5.25,89.42,3.58,4.29,7.87,352.62,442.04
1.09,0.03,0.02,0.28,0.3870967741935484,0.7,0.1,1,93,34.2,94.71,113.66,63,89.0,52,8.9,11046.26,5.26,89.42,3.58,4.29,7.87,353.12,442.54
1.09,0.03,0.02,0.28,0.3924731182795699,0.7,0.1,1,93,34.2,94.71,113.66,63,89.0,52,8.9,11061.9,5.27,89.42,3.58,4.29,7.87,353.62,443.04
1.09,0.03,0.02,0.28,0.3978494623655914,0.7,0.1,1,93,34.2,94.71,113.66,63,89.0,52,8.9,11077.54,5.28,89.42,3.58,4.29,7.87,354.12,443.54
1.09,0.03,0.02,0.28,0.4032258064516129,0.7,0.1,1,93,34.2,94.71,113.66,63,89.0,52,8.9,11093.18,5.28,89.42,3.58,4.29,7.87,354.62,444.04
1.09,0.03,0.02,0.28,0.4086021505376344,0.7,0.1,1,93,34.2,94.71,113.66,63,89.0,52,8.9,11108.82,5.29,89.42,3.58,4.29,7.87,355.12,444.54
1.09,0.03,0.02,0.28,0.4139784946236559,0.7,0.1,1,93,34.2,94.71,113.66,63,89.0,51,8.9,11124.46,5.3,89.42,3.58,4.29,7.87,355.62,445.04
1.09,0.03,0.02,0.28,0.4193548387096774,0.7,0.1,1,93,34.2,94.71,113.66,63,89.0,51,8.9,11140.1,5.3,89.42,3.58,4.29,7.87,356.12,445.54
1.09,0.03,0.02,0.28,0.4247311827956989,0.7,0.1,1,93,34.2,94.71,113.66,63,89.0,51,8.9,11155.74,5.31,89.42,3.58,4.29,7.87,356.62,446.04
1.09,0.03,0.02,0.28,0.4301075268817204,0.7,0.1,1,93,34.2,94.71,113.66,62,87.57,51,8.76,11171.38,5.32,89.42,3.58,4.29,7.87,357.12,446.54
1.09,0.03,0.02,0.28,0.4354838709677419,0.7,0.1,1,93,34.2,94.71,113.66,62,87.57,51,8.76,11187.03,5.33,89.42,3.58,4.29,7.87,357.62,447.04
1.09,0.03,0.02,0.28,0.4408602150537634,0.7,0.1,1,93,34.2,94.71,113.66,62,87.57,51,8.76,11202.67,5.33,89.42,3.58,4.29,7.87,358.12,447.54
1.09,0.03,0.02,0.28,0.4462365591397849,0.7,0.1,1,93,34.2,94.71,113.66,62,87.57,51,8.76,11218.31,5.34,89.42,3.58,4.29,7.87,358.62,448.04
1.09,0.03,0.02,0.28,0.4516129032258064,0.7,0.1,1,93,34.2,94.71,113.66,62,87.57,51,8.76,11233.95,5.35,89.42,3.58,4.29,7.87,359.12,448.54
1.09,0.03,0.02,0.28,0.4569892473118279,0.7,0.1,1,93,34.2,94.71,113.66,62,87.57,51,8.76,11249.59,5.36,89.42,3.58,4.29,7.87,359.62,449.04
1.09,0.03,0.02,0.28,0.4623655913978494,0.7,0.1,1,93,34.2,94.71,113.66,62,87.57,51,8.76,11265.23,5.36,89.42,3.58,4.29,7.87,360.12,449.54
1.09,0.03,0.02,0.28,0.4677419354838709,0.7,0.1,1,93,34.2,94.71,113.66,62,87.57,51,8.76,11280.87,5.37,89.42,3.58,4.29,7.87,360.62,450.04
1.09,0.03,0.02,0.28,0.4731182795698925,0.7,0.1,1,93,34.2,94.71,113.66,62,87.57,51,8.76,11296.51,5.38,89.42,3.58,4.29,7.87,361.12,450.54
1.09,0.03,0.02,0.28,0.478494623655914,0.7,0.1,1,93,34.2,94.71,113.66,62,87.57,51,8.76,11312.15,5.39,89.42,3.58,4.29,7.87,361.62,451.04
1.09,0.03,0.02,0.28,0.4838709677419355,0.7,0.1,1,93,34.2,94.71,113.66,62,87.57,51,8.76,11327.79,5.39,89.42,3.58,4.29,7.87,362.12,451.54
1.09,0.03,0.02,0.28,0.489247311827957,0.7,0.1,1,93,34.2,94.71,113.66,62,87.57,51,8.76,11343.44,5.4,89.42,3.58,4.29,7.87,362.62,452.04
1.09,0.03,0.02,0.28,0.4946236559139785,0.7,0.1,1,93,34.2,94.71,113.66,62,87.57,51,8.76,11359.08,5.41,89.42,3.58,4.29,7.87,363.12,452.54
1.09,0.03,0.02,0.28,0.5,0.7,0.1,1,93,34.2,94.71,113.66,62,87.57,51,8.76,11374.72,5.42,89.42,3.58,4.29,7.87,363.62,453.04
1.09,0.03,0.02,0.28,0.5053763440860215,0.7,0.1,1,93,34.2,94.71,113.66,62,87.57,51,8.76,11390.36,5.42,89.42,3.58,4.29,7.87,364.12,453.54
1.09,0.03,0.02,0.28,0.510752688172043,0.7,0.1,1,93,34.2,94.71,113.66,62,87.57,51,8.76,11406.0,5.43,89.42,3.58,4.29,7.87,364.62,454.04
1.09,0.03,0.02,0.28,0.5161290322580645,0.7,0.1,1,93,34.2,94.71,113.66,62,87.57,51,8.76,11421.64,5.44,89.42,3.58,4.29,7.87,365.12,454.54
1.09,0.03,0.02,0.28,0.521505376344086,0.7,0.1,1,93,34.2,94.71,113.66,62,87.57,51,8.76,11437.28,5.45,89.42,3.58,4.29,7.87,365.62,455.04
1.09,0.03,0.02,0.28,0.5268817204301075,0.7,0.1,1,93,34.2,94.71,113.66,62,87.57,51,8.76,11452.92,5.45,89.42,3.58,4.29,7.87,366.12,455.54
1.09,0.03,0.02,0.28,0.532258064516129,0.7,0.1,1,93,34.2,94.71,113.66,62,87.57,51,8.76,11468.56,5.46,89.42,3.58,4.29,7.87,366.62,456.04
1.09,0.03,0.02,0.28,0.5376344086021505,0.7,0.1,1,93,34.2,94.71,113.66,62,87.57,51,8.76,11484.2,5.47,89.42,3.58,4.29,7.87,367.12,456.54
1.09,0.03,0.02,0.28,0.543010752688172,0.7,0.1,1,93,34.2,94.71,113.66,62,87.57,51,8.76,11499.85,5.48,89.42,3.58,4.29,7.87,367.62,457.04
1.09,0.03,0.02,0.28,0.5483870967741935,0.7,0.1,1,93,34.2,94.71,113.66,62,87.57,51,8.76,11515.49,5.48,89.42,3.58,4.29,7.87,368.12,457.54
1.09,0.03,0.02,0.28,0.553763440860215,0.7,0.1,1,93,34.2,94.71,113.66,62,87.57,51,8.76,11531.13,5.49,89.42,3.58,4.29,7.87,368.62,458.04
1.09,0.03,0.02,0.28,0.5591397849462365,0.7,0.1,1,93,34.2,94.71,113.66,62,87.57,50,8.76,11546.77,5.5,89.42,3.58,4.29,7.87,369.12,458.54
1.09,0.03,0.02,0.28,0.5645161290322581,0.7,0.1,1,93,34.2,94.71,113.66,62,87.57,50,8.76,11562.41,5.51,89.42,3.58,4.29,7.87,369.62,459.04
1.09,0.03,0.02,0.28,0.5698924731182796,0.7,0.1,1,93,34.2,94.71,113.66,61,86.14,50,8.61,11578.05,5.51,89.42,3.58,4.29,7.87,370.12,459.54
1.09,0.03,0.02,0.28,0.5752688172043011,0.7,0.1,1,93,34.2,94.71,113.66,61,86.14,50,8.61,11593.69,5.52,89.42,3.58,4.29,7.87,370.62,460.04
1.09,0.03,0.02,0.28,0.5806451612903226,0.7,0.1,1,93,34.2,94.71,113.66,61,86.14,50,8.61,11609.33,5.53,89.42,3.58,4.29,7.87,371.12,460.54
1.09,0.03,0.02,0.28,0.5860215053763441,0.7,0.1,1,93,34.2,94.71,113.66,61,86.14,50,8.61,11624.97,5.54,89.42,3.58,4.29,7.87,371.62,461.04
1.09,0.03,0.02,0.28,0.5913978494623656,0.7,0.1,1,93,34.2,94.71,113.66,61,86.14,50,8.61,11640.61,5.54,89.42,3.58,4.29,7.87,372.12,461.54
1.09,0.03,0.02,0.28,0.5967741935483871,0.7,0.1,1,93,34.2,94.71,113.66,61,86.14,50,8.61,11656.26,5.55,89.42,3.58,4.29,7.87,372.62,462.04
1.09,0.03,0.02,0.28,0.6021505376344086,0.7,0.1,1,93,34.2,94.71,113.66,61,86.14,50,8.61,11671.9,5.56,89.42,3.58,4.29,7.87,373.12,462.54
1.09,0.03,0.02,0.28,0.6075268817204301,0.7,0.1,1,93,34.2,94.71,113.66,61,86.14,50,8.61,11687.54,5.57,89.42,3.58,4.29,7.87,373.62,463.04
1.09,0.03,0.02,0.28,0.6129032258064516,0.7,0.1,1,93,34.2,94.71,113.66,61,86.14,50,8.61,11703.18,5.57,89.42,3.58,4.29,7.87,374.12,463.54
1.09,0.03,0.02,0.28,0.6182795698924731,0.7,0.1,1,93,34.2,94.71,113.66,61,86.14,50,8.61,11718.82,5.58,89.42,3.58,4.29,7.87,374.62,464.04
1.09,0.03,0.02,0.28,0.6236559139784946,0.7,0.1,1,93,34.2,94.71,113.66,61,86.14,50,8.61,11734.46,5.59,89.42,3.58,4.29,7.87,375.12,464.54
1.09,0.03,0.02,0.28,0.6290322580645161,0.7,0.1,1,93,34.2,94.71,113.66,61,86.14,50,8.61,11750.1,5.6,89.42,3.58,4.29,7.87,375.62,465.04
1.09,0.03,0.02,0.28,0.6344086021505376,0.7,0.1,1,93,34.2,94.71,113.66,61,86.14,50,8.61,11765.74,5.6,89.42,3.58,4.29,7.87,376.12,465.54
1.09,0.03,0.02,0.28,0.6397849462365591,0.7,0.1,1,93,34.2,94.71,113.66,61,86.14,50,8.61,11781.38,5.61,89.42,3.58,4.29,7.87,376.62,466.04
1.09,0.03,0.02,0.28,0.6451612903225806,0.7,0.1,1,93,34.2,94.71,113.66,61,86.14,50,8.61,11797.02,5.62,89.42,3.58,4.29,7.87,377.12,466.54
1.09,0.03,0.02,0.28,0.6505376344086021,0.7,0.1,1,93,34.2,94.71,113.66,61,86.14,50,8.61,11812.67,5.63,89.42,3.58,4.29,7.87,377.62,467.04
1.09,0.03,0.02,0.28,0.6559139784946236,0.7,0.1,1,93,34.2,94.71,113.66,61,86.14,50,8.61,11828.31,5.63,89.42,3.58,4.29,7.87,378.12,467.54
1.09,0.03,0.02,0.28,0.6612903225806451,0.7,0.1,1,93,34.2,94.71,113.66,61,86.14,50,8.61,11843.95,5.64,89.42,3.58,4.29,7.87,378.62,468.04
1.09,0.03,0.02,0.28,0.6666666666666666,0.7,0.1,1,93,34.2,94.71,113.66,61,86.14,50,8.61,11859.59,5.65,89.42,3.58,4.29,7.87,379.12,468.54
1.09,0.03,0.02,0.28,0.6720430107526881,0.7,0.1,1,93,34.2,94.71,113.66,61,86.14,50,8.61,11875.23,5.65,89.42,3.58,4.29,7.87,379.62,469.04
1.09,0.03,0.02,0.28,0.6774193548387096,0.7,0.1,1,93,34.2,94.71,113.66,61,86.14,50,8.61,11890.87,5.66,89.42,3.58,4.29,7.87,380.12,469.54
1.09,0.03,0.02,0.28,0.6827956989247311,0.7,0.1,1,93,34.2,94.71,113.66,61,86.14,50,8.61,11906.51,5.67,89.42,3.58,4.29,7.87,380.62,470.04
1.09,0.03,0.02,0.28,0.6881720430107527,0.7,0.1,1,93,34.2,94.71,113.66,61,86.14,50,8.61,11922.15,5.68,89.42,3.58,4.29,7.87,381.12,470.54
1.09,0.03,0.02,0.28,0.6935483870967742,0.7,0.1,1,93,34.2,94.71,113.66,61,86.14,50,8.61,11937.79,5.68,89.42,3.58,4.29,7.87,381.62,471.04
1.09,0.03,0.02,0.28,0.6989247311827957,0.7,0.1,1,93,34.2,94.71,113.66,61,86.14,50,8.61,11953.43,5.69,89.42,3.58,4.29,7.87,382.12,471.54
1.09,0.03,0.02,0.28,0.7043010752688172,0.7,0.1,1,93,34.2,94.71,113.66,61,86.14,50,8.61,11969.08,5.7,89.42,3.58,4.29,7.87,382.62,472.04
1.09,0.03,0.02,0.28,0.7096774193548387,0.7,0.1,1,93,34.2,94.71,113.66,61,86.14,50,8.61,11984.72,5.71,89.42,3.58,4.29,7.87,383.12,472.54
1.09,0.03,0.02,0.28,0.7150537634408602,0.7,0.1,1,93,34.2,94.71,113.66,61,86.14,49,8.61,12000.36,5.71,89.42,3.58,4.29,7.87,383.62,473.04
1.09,0.03,0.02,0.28,0.7204301075268817,0.7,0.1,1,93,34.2,94.71,113.66,61,86.14,49,8.61,12016.0,5.72,89.42,3.58,4.29,7.87,384.12,473.54
1.09,0.03,0.02,0.28,0.7258064516129032,0.7,0.1,1,93,34.2,94.71,113.66,61,86.14,49,8.61,12031.64,5.73,89.42,3.58,4.29,7.87,384.62,474.04
1.09,0.03,0.02,0.28,0.7311827956989247,0.7,0.1,1,93,34.2,94.71,113.66,60,84.71,49,8.47,12047.28,5.74,89.42,3.58,4.29,7.87,385.12,474.54
1.09,0.03,0.02,0.28,0.7365591397849462,0.7,0.1,1,93,34.2,94.71,113.66,60,84.71,49,8.47,12062.92,5.74,89.42,3.58,4.29,7.87,385.62,475.04
1.09,0.03,0.02,0.28,0.7419354838709677,0.7,0.1,1,93,34.2,94.71,113.66,60,84.71,49,8.47,12078.56,5.75,89.42,3.58,4.29,7.87,386.12,475.54
1.09,0.03,0.02,0.28,0.7473118279569892,0.7,0.1,1,93,34.2,94.71,113.66,60,84.71,49,8.47,12094.2,5.76,89.42,3.58,4.29,7.87,386.62,476.04
1.09,0.03,0.02,0.28,0.7526881720430108,0.7,0.1,1,93,34.2,94.71,113.66,60,84.71,49,8.47,12109.84,5.77,89.42,3.58,4.29,7.87,387.12,476.54
1.09,0.03,0.02,0.28,0.7580645161290323,0.7,0.1,1,93,34.2,94.71,113.66,60,84.71,49,8.47,12125.49,5.77,89.42,3.58,4.29,7.87,387.62,477.04
1.09,0.03,0.02,0.28,0.7634408602150538,0.7,0.1,1,93,34.2,94.71,113.66,60,84.71,49,8.47,12141.13,5.78,89.42,3.58,4.29,7.87,388.12,477.54
1.09,0.03,0.02,0.28,0.7688172043010753,0.7,0.1,1,93,34.2,94.71,113.66,60,84.71,49,8.47,12156.77,5.79,89.42,3.58,4.29,7.87,388.62,478.04
1.09,0.03,0.02,0.28,0.7741935483870968,0.7,0.1,1,93,34.2,94.71,113.66,60,84.71,49,8.47,12172.41,5.8,89.42,3.58,4.29,7.87,389.12,478.54
1.09,0.03,0.02,0.28,0.7795698924731183,0.7,0.1,1,93,34.2,94.71,113.66,60,84.71,49,8.47,12188.05,5.8,89.42,3.58,4.29,7.87,389.62,479.04
1.09,0.03,0.02,0.28,0.7849462365591398,0.7,0.1,1,93,34.2,94.71,113.66,60,84.71,49,8.47,12203.69,5.81,89.42,3.58,4.29,7.87,390.12,479.54
1.09,0.03,0.02,0.28,0.7903225806451613,0.7,0.1,1,93,34.2,94.71,113.66,60,84.71,49,8.47,12219.33,5.82,89.42,3.58,4.29,7.87,390.62,480.04
1.09,0.03,0.02,0.28,0.7956989247311828,0.7,0.1,1,93,34.2,94.71,113.66,60,84.71,49,8.47,12234.97,5.83,89.42,3.58,4.29,7.87,391.12,480.54
1.09,0.03,0.02,0.28,0.8010752688172043,0.7,0.1,1,93,34.2,94.71,113.66,60,84.71,49,8.47,12250.61,5.83,89.42,3.58,4.29,7.87,391.62,481.04
1.09,0.03,0.02,0.28,0.8064516129032258,0.7,0.1,1,93,34.2,94.71,113.66,60,84.71,49,8.47,12266.25,5.84,89.42,3.58,4.29,7.87,392.12,481.54
1.09,0.03,0.02,0.28,0.8118279569892473,0.7,0.1,1,93,34.2,94.71,113.66,60,84.71,49,8.47,12281.9,5.85,89.42,3.58,4.29,7.87,392.62,482.04
1.09,0.03,0.02,0.28,0.8172043010752689,0.7,0.1,1,93,34.2,94.71,113.66,60,84.71,49,8.47,12297.54,5.86,89.42,3.58,4.29,7.87,393.12,482.54
1.09,0.03,0.02,0.28,0.8225806451612904,0.7,0.1,1,93,34.2,94.71,113.66,60,84.71,49,8.47,12313.18,5.86,89.42,3.58,4.29,7.87,393.62,483.04
1.09,0.03,0.02,0.28,0.8279569892473119,0.7,0.1,1,93,34.2,94.71,113.66,60,84.71,49,8.47,12328.82,5.87,89.42,3.58,4.29,7.87,394.12,483.54
1.09,0.03,0.02,0.28,0.8333333333333334,0.7,0.1,1,93,34.2,94.71,113.66,60,84.71,49,8.47,12344.46,5.88,89.42,3.58,4.29,7.87,394.62,484.04
1.09,0.03,0.02,0.28,0.8387096774193549,0.7,0.1,1,93,34.2,94.71,113.66,60,84.71,49,8.47,12360.1,5.89,89.42,3.58,4.29,7.87,395.12,484.54
1.09,0.03,0.02,0.28,0.8440860215053764,0.7,0.1,1,93,34.2,94.71,113.66,60,84.71,49,8.47,12375.74,5.89,89.42,3.58,4.29,7.87,395.62,485.04
1.09,0.03,0.02,0.28,0.8494623655913979,0.7,0.1,1,93,34.2,94.71,113.66,60,84.71,49,8.47,12391.38,5.9,89.42,3.58,4.29,7.87,396.12,485.54
1.09,0.03,0.02,0.28,0.8548387096774194,0.7,0.1,1,93,34.2,94.71,113.66,60,84.71,49,8.47,12407.02,5.91,89.42,3.58,4.29,7.87,396.62,486.04
1.09,0.03,0.02,0.28,0.8602150537634409,0.7,0.1,1,93,34.2,94.71,113.66,60,84.71,49,8.47,12422.66,5.92,89.42,3.58,4.29,7.87,397.12,486.54
1.09,0.03,0.02,0.28,0.8655913978494624,0.7,0.1,1,93,34.2,94.71,113.66,60,84.71,49,8.47,12438.31,5.92,89.42,3.58,4.29,7.87,397.62,487.04
1.09,0.03,0.02,0.28,0.8709677419354839,0.7,0.1,1,93,34.2,94.71,113.66,60,84.71,49,8.47,12453.95,5.93,89.42,3.58,4.29,7.87,398.12,487.54
1.09,0.03,0.02,0.28,0.8763440860215054,0.7,0.1,1,93,34.2,94.71,113.66,60,84.71,49,8.47,12469.59,5.94,89.42,3.58,4.29,7.87,398.62,488.04
1.09,0.03,0.02,0.28,0.8817204301075269,0.7,0.1,1,93,34.2,94.71,113.66,60,84.71,49,8.47,12485.23,5.95,89.42,3.58,4.29,7.87,399.12,488.54
1.09,0.03,0.02,0.28,0.8870967741935484,0.7,0.1,1,93,34.2,94.71,113.66,60,84.71,48,8.47,12500.87,5.95,89.42,3.58,4.29,7.87,399.62,489.04
1.09,0.03,0.02,0.28,0.8924731182795699,0.7,0.1,1,93,34.2,94.71,113.66,60,84.71,48,8.47,12516.51,5.96,89.42,3.58,4.29,7.87,400.12,489.54
1.09,0.03,0.02,0.28,0.8978494623655914,0.7,0.1,1,93,34.2,94.71,113.66,60,84.71,48,8.47,12532.15,5.97,89.42,3.58,4.29,7.87,400.62,490.04
1.09,0.03,0.02,0.28,0.9032258064516128,0.7,0.1,1,93,34.2,94.71,113.66,60,84.71,48,8.47,12547.79,5.98,89.42,3.58,4.29,7.87,401.12,490.54
1.09,0.03,0.02,0.28,0.9086021505376344,0.7,0.1,1,93,34.2,94.71,113.66,59,83.29,48,8.33,12563.43,5.98,89.42,3.58,4.29,7.87,401.62,491.04
1.09,0.03,0.02,0.28,0.913978494623656,0.7,0.1,1,93,34.2,94.71,113.66,59,83.29,48,8.33,12579.07,5.99,89.42,3.58,4.29,7.87,402.12,491.54
1.09,0.03,0.02,0.28,0.9193548387096774,0.7,0.1,1,93,34.2,94.71,113.66,59,83.29,48,8.33,12594.72,6.0,89.42,3.58,4.29,7.87,402.62,492.04
1.09,0.03,0.02,0.28,0.9247311827956988,0.7,0.1,1,93,34.2,94.71,113.66,59,83.29,48,8.33,12610.36,6.0,89.42,3.58,4.29,7.87,403.12,492.54
1.09,0.03,0.02,0.28,0.9301075268817204,0.7,0.1,1,93,34.2,94.71,113.66,59,83.29,48,8.33,12626.0,6.01,89.42,3.58,4.29,7.87,403.62,493.04
1.09,0.03,0.02,0.28,0.935483870967742,0.7,0.1,1,93,34.2,94.71,113.66,59,83.29,48,8.33,12641.64,6.02,89.42,3.58,4.29,7.87,404.12,493.54
1.09,0.03,0.02,0.28,0.9408602150537636,0.7,0.1,1,93,34.2,94.71,113.66,59,83.29,48,8.33,12657.28,6.03,89.42,3.58,4.29,7.87,404.62,494.04
1.09,0.03,0.02,0.28,0.946236559139785,0.7,0.1,1,93,34.2,94.71,113.66,59,83.29,48,8.33,12672.92,6.03,89.42,3.58,4.29,7.87,405.12,494.54
1.09,0.03,0.02,0.28,0.9516129032258064,0.7,0.1,1,93,34.2,94.71,113.66,59,83.29,48,8.33,12688.56,6.04,89.42,3.58,4.29,7.87,405.62,495.04
1.09,0.03,0.02,0.28,0.956989247311828,0.7,0.1,1,93,34.2,94.71,113.66,59,83.29,48,8.33,12704.2,6.05,89.42,3.58,4.29,7.87,406.12,495.54
1.09,0.03,0.02,0.28,0.9623655913978496,0.7,0.1,1,93,34.2,94.71,113.66,59,83.29,48,8.33,12719.84,6.06,89.42,3.58,4.29,7.87,406.62,496.04
1.09,0.03,0.02,0.28,0.967741935483871,0.7,0.1,1,93,34.2,94.71,113.66,59,83.29,48,8.33,12735.48,6.06,89.42,3.58,4.29,7.87,407.12,496.54
1.09,0.03,0.02,0.28,0.9731182795698924,0.7,0.1,1,93,34.2,94.71,113.66,59,83.29,48,8.33,12751.13,6.07,89.42,3.58,4.29,7.87,407.62,497.04
1.09,0.03,0.02,0.28,0.978494623655914,0.7,0.1,1,93,34.2,94.71,113.66,59,83.29,48,8.33,12766.77,6.08,89.42,3.58,4.29,7.87,408.12,497.54
1.09,0.03,0.02,0.28,0.9838709677419356,0.7,0.1,1,93,34.2,94.71,113.66,59,83.29,48,8.33,12782.41,6.09,89.42,3.58,4.29,7.87,408.62,498.04
1.09,0.03,0.02,0.28,0.989247311827957,0.7,0.1,1,93,34.2,94.71,113.66,59,83.29,48,8.33,12798.05,6.09,89.42,3.58,4.29,7.87,409.12,498.54
1.09,0.03,0.02,0.28,0.9946236559139784,0.7,0.1,1,93,34.2,94.71,113.66,59,83.29,48,8.33,12813.69,6.1,89.42,3.58,4.29,7.87,409.62,499.04
